file_name,content,reason
images/aircraft/005-Havac-l-k-ve-Uzay-jpg.jpg,defence-context,clip-art icon sheet containing many object types (drone; helicopter; balloon; satellite)
images/aircraft/007-MiG-29K-9-41-jpg.jpg,defence-context,brochure graphic with profile drawings; not a photo
images/aircraft/011-SGR-01-png.png,defence-context,technical diagram with text
images/aircraft/012-Su-47Zhukovsky-International-Airport-png.png,defence-context,satellite view of an airfield; aircraft only a few pixels
images/aircraft/026-Foster-Mount-Avro504-jpg.jpg,defence-context,close-up of a gun mount from the cockpit; aircraft not visible
images/aircraft/028-Most-numerous-fighter-jet-in-each-country-png.png,unrelated,world map infographic; no aircraft
images/aircraft/029-Samoloty-mysliwskie-1945-73569716-jpg.jpg,defence-context,book cover
images/aircraft/030-Vindkast-Mk-2E2-jpg.jpg,defence-context,line drawing
images/drone/009-A-person-stands-on-a-sidewalk-using-a-drone-controller-to-na.jpg,unrelated,only the handheld controller is visible
images/drone/015-Am-Rand-des-Eises-Philipp-Egger-jpg.jpg,unrelated,aerial landscape photo taken by a drone; no drone visible
images/drone/022-CDFP-Windtunnel-jpg.jpg,defence-context,wing section in a wind tunnel; not recognisable as a drone
images/drone/024-Aerial-shot-over-the-University-of-Otago-2024-jpg.jpg,unrelated,aerial photo taken by a drone; no drone visible
images/drone/024-CenturaMunicipiuluiSatu-Mare-png.png,unrelated,night aerial photo taken by a drone; no drone visible
images/drone/026-Cintami-agung-putra-jpg.jpg,unrelated,person holding a camera gimbal; no drone
images/drone/028-Concise-en-drone-01-jpg.jpg,unrelated,aerial landscape photo taken by a drone; no drone visible
images/drone/029-Concise-en-drone-02-jpg.jpg,unrelated,aerial landscape photo taken by a drone; no drone visible
images/drone/029-Delivery-of-a-defibrillator-jpg.jpg,unrelated,aerial landscape; drone not visible at this resolution
images/drone/030-Craig-Milliard-Xwing-flight-test-manager-monitors-an-autonom.jpg,defence-context,person at a ground-control station; no drone
images/helicopter/007-170708-N-WY954-210-cropped-jpg.jpg,defence-context,portrait of an officer; helicopter barely visible
images/helicopter/012-36-AS-JGSDF-conduct-airdrops-over-Sendai-8583881-jpg.jpg,defence-context,interior of a cargo ramp; no helicopter visible
images/helicopter/020-Army-Aviation-Conducts-Cultural-Exchange-Flight-in-Finland-7.jpg,defence-context,cockpit interior
images/military-vehicle/023-Blijmoedig-den-vijand-tegemoet-Van-het-Werfkantoor-naar-de-L.jpg,defence-context,scanned newspaper page
images/military-vehicle/024-T-84-478DU9-driver-station-interior-jpg.jpg,defence-context,vehicle interior
images/military-vehicle/025-T-84-478DU9-turret-composite-armor-cross-section-png.png,defence-context,close-up of an armour module; vehicle not visible
images/naval/006-A-CARINA-undersea-glider-is-prepared-for-launch-aboard-a-mul.jpg,defence-context,people and equipment on deck; no vessel visible
images/naval/011-ARC-2-Neptune-cable-drums-below-deck-png.png,defence-context,machinery below deck
images/naval/012-ARC-2-Neptune-cable-drums-from-foredeck-png.png,defence-context,deck machinery close-up
images/naval/016-Christening-USS-Batfish-png.png,defence-context,christening ceremony; people dominate the frame
images/naval/018-Deactivation-ceremony-for-Narwhal-TWR-842-jpg.jpg,defence-context,seated audience at a ceremony
images/naval/028-Gunston-Hall-visits-Narvik-Norway-7157142-jpg.jpg,defence-context,sailor with weapon; vessel not visible
images/naval/028-Map-of-the-Site-of-Capture-of-Steamer-Bat-by-USS-Montgomery.jpg,unrelated,hand-drawn map
images/naval/029-McDougall-Duluthshipyard-jpg.jpg,defence-context,shipyard panorama postcard
images/naval/030-McDougall-Duluthshipyard2-jpg.jpg,defence-context,shipyard panorama postcard
