file_name,category,group
images/aircraft/001-F-22-Flaring-Cherry-Festival-jpg.jpg,aircraft,g000
images/aircraft/002-GeoFS-F22-Raptor-png.png,aircraft,g001
images/aircraft/003-GeoFS-FA18-Super-Hornet-png.png,aircraft,g002
images/aircraft/004-HALTEDBFAeroindia2021-png.png,aircraft,g003
images/aircraft/006-J50MOCKUP-jpg.jpg,aircraft,g004
images/aircraft/008-Mikoyan-Gurevich-MiG-21-2026-01-17-jpg.jpg,aircraft,g005
images/aircraft/011-414th-Night-Fighter-Squadron-Bristol-Beaufighter-2-jpg.jpg,aircraft,g006
images/aircraft/012-415th-Night-Fighter-Squadron-Bristol-Beaufighter-jpg.jpg,aircraft,g007
images/aircraft/013-422d-Night-Fighter-Squadron-Douglas-A-20-Havoc-jpg.jpg,aircraft,g008
images/aircraft/014-Beaufighter-Mk-VIF-X7579-night-fighter-prototype-with-centim.jpg,aircraft,g009
images/aircraft/015-Bristol-Beaufighter-NAN15Dec43-jpg.jpg,aircraft,g010
images/aircraft/016-Bundesarchiv-Bild-101I-667-7102A-06-Russland-Nachtj-ger-Junk.jpg,aircraft,g011
images/aircraft/017-DH113-Vampire-NF54-MM6152-6571289565-jpg.jpg,aircraft,g012
images/aircraft/018-Dornier-Do-217N-night-fighter-in-1945-jpg.jpg,aircraft,g013
images/aircraft/019-F2H-2N-VC-4-on-cat-USS-FD-Roosevelt-CVB-42-1950-jpg.jpg,aircraft,g014
images/aircraft/020-F2H-2N-VC-4-on-USS-FD-Roosevelt-CVB-42-1950-jpg.jpg,aircraft,g014
images/aircraft/021-F3D-2-Skynight-of-VMF-N-513-maintenance-during-Korean-War-jp.jpg,aircraft,g016
images/aircraft/022-F3D-2-VMFN-513-Kunsan-1953-jpg.jpg,aircraft,g017
images/aircraft/023-F3D-2-VMFN-513-Kunsan-radar1-1953-jpg.jpg,aircraft,g017
images/aircraft/024-F7F-3N-VMFN-513-Wonsan-1952-jpg.jpg,aircraft,g019
images/aircraft/025-F7F-3N-XMas-1950-Korea-jpeg.jpg,aircraft,g020
images/aircraft/027-G4M-J1N-67s-jpg.jpg,aircraft,g021
images/drone/002-22-B-Log-L-Aerom-vel-Drone-jpg.jpg,drone,g022
images/drone/003-3D-Printed-Precision-U-S-Army-Leverages-FPV-and-Delivery-Dro.jpg,drone,g023
images/drone/004-3D-Printed-Precision-U-S-Army-Leverages-FPV-and-Delivery-Dro.jpg,drone,g023
images/drone/005-A-drone-hovers-above-a-quiet-suburban-street-jpg.jpg,drone,g025
images/drone/006-A-drone-hovers-in-mid-air-while-an-individual-stands-nearby.jpg,drone,g025
images/drone/007-A-drone-is-airborne-above-a-bright-yellow-building-in-a-resi.jpg,drone,g027
images/drone/010-A-team-of-technicians-prepares-for-the-inaugural-flight-of-a.jpg,drone,g028
images/drone/012-Aerodyne-drone-1-jpg.jpg,drone,g029
images/drone/013-AI-Expo-2025-9100340-jpg.jpg,drone,g030
images/drone/014-Albatroz-na-Drone-Show-jpg.jpg,drone,g031
images/drone/016-Antigravity-A1-Drone-jpg.jpg,drone,g032
images/drone/017-BETA-UAS-Omnibe-jpg.jpg,drone,g033
images/drone/023-CDRW-on-Runway-png.png,drone,g034
images/drone/025-CDFP-Runway-jpg.jpg,drone,g035
images/drone/025-CEREMONIA-MILITAR-DE-ENTREGA-DE-EQUIPAMIENTO-A-LAS-FUERZAS-A.jpg,drone,g036
images/drone/026-Customized-Industrial-Drones-jpg.jpg,drone,g037
images/drone/027-Close-up-of-a-drone-flying-with-people-in-a-blurry-backgroun.jpg,drone,g038
images/drone/027-D1L-Duck-drone-png.png,drone,g039
images/drone/028-Delaer-RX3-drawing-png.png,drone,g040
images/drone/030-DHS-Secretary-Alejandro-Mayorkas-Departs-Panama-528-jpg.jpg,drone,g041
images/helicopter/001-1-214th-General-Support-Aviation-Battalion-Aerial-Gunnery-Qu.jpg,helicopter,g042
images/helicopter/002-1-214th-General-Support-Aviation-Battalion-Aerial-Gunnery-Qu.jpg,helicopter,g042
images/helicopter/003-10th-SFG-A-during-Trojan-Footprint-24-8305890-jpg.jpg,helicopter,g044
images/helicopter/004-10th-SFG-A-during-Trojan-Footprint-24-8305901-jpg.jpg,helicopter,g044
images/helicopter/005-10th-SFG-A-during-Trojan-Footprint-24-8305914-jpg.jpg,helicopter,g044
images/helicopter/006-130714-O-ZZ999-003-AU-9305239467-jpg.jpg,helicopter,g047
images/helicopter/008-1st-CAB-and-NATO-eFP-Battle-Group-Latvia-Conducts-Joint-Forc.jpg,helicopter,g048
images/helicopter/009-1st-CAB-and-NATO-eFP-Battle-Group-Latvia-Conducts-Joint-Forc.jpg,helicopter,g048
images/helicopter/010-25th-Polish-Air-Cavalry-Brigade-Leader-Engagement-8428960-jp.jpg,helicopter,g050
images/helicopter/011-3-2-Soldiers-conduct-MEDEVAC-training-with-Polish-15th-MB-62.jpg,helicopter,g051
images/helicopter/013-AFN-Bavaria-Tours-Hohenfels-Training-Area-7658304-jpg.jpg,helicopter,g052
images/helicopter/014-Army-Aviation-and-Allied-Partners-Conduct-Media-Day-in-Finla.jpg,helicopter,g053
images/helicopter/015-Army-Aviation-and-Allied-Partners-Conduct-Media-Day-in-Finla.jpg,helicopter,g053
images/helicopter/016-Army-Aviation-and-Allied-Partners-Conduct-Media-Day-in-Finla.jpg,helicopter,g053
images/helicopter/017-Army-Aviation-and-Allied-Partners-Conduct-Media-Day-in-Finla.jpg,helicopter,g053
images/helicopter/018-Army-Aviation-and-Allied-Partners-Conduct-Media-Day-in-Finla.jpg,helicopter,g053
images/helicopter/019-Army-Aviation-Conducts-Cultural-Exchange-Flight-in-Finland-7.jpg,helicopter,g058
images/helicopter/021-Army-Aviation-Conducts-Cultural-Exchange-Flight-in-Finland-7.jpg,helicopter,g058
images/helicopter/022-Bulgariain-special-operations-forces-soldier-fastlines-durin.jpg,helicopter,g060
images/helicopter/023-CH-47-Chinook-Training-7348877-jpg.jpg,helicopter,g061
images/helicopter/024-Danish-Sailors-Visit-USS-Wasp-LHD-1-8474793-jpg.jpg,helicopter,g062
images/helicopter/025-Defender-Europe-22-Multi-National-STX-7253528-jpg.jpg,helicopter,g063
images/helicopter/026-European-Best-Sniper-Team-Competition-2024-8573682-jpg.jpg,helicopter,g064
images/helicopter/027-Exercise-Northern-Strike-2025-in-Michigan-August-2025-14-jpg.jpg,helicopter,g065
images/helicopter/028-Kalundborg-port-operation-for-DEFENDER-24-8360284-jpg.jpg,helicopter,g066
images/helicopter/029-KFOR-RC-E-Aviation-conducts-multiship-training-6323039-jpg.jpg,helicopter,g067
images/helicopter/030-Saber-Junction-24-8617881-jpg.jpg,helicopter,g068
images/military-vehicle/001-A-huge-motorized-Soviet-convoy-advances-across-the-Grand-Khi.png,military-vehicle,g069
images/military-vehicle/003-Gunners-conduct-rearm-refuel-and-resupply-point-R3P-LPD-9822.jpg,military-vehicle,g070
images/military-vehicle/004-HSTVL-jpg.jpg,military-vehicle,g071
images/military-vehicle/005-Landsverk-L-60-at-Collins-Barracks-jpg.jpg,military-vehicle,g072
images/military-vehicle/007-Object-184-3-T-72B3-RAE-2013-jpg.jpg,military-vehicle,g073
images/military-vehicle/011-AlfredPalmerM3tank1942b-jpg.jpg,military-vehicle,g074
images/military-vehicle/012-BMP-1-Zlot-Dar-owo-2009-JPG.jpg,military-vehicle,g075
images/military-vehicle/013-Crew-of-a-Sherman-tank-south-of-Vaucelles-jpg.jpg,military-vehicle,g076
images/military-vehicle/014-Dutch-Panzerhaubitz-fires-in-Afghanistan-jpg.jpg,military-vehicle,g077
images/military-vehicle/016-2014-Stepanakert-Czo-g-T-72-01-jpg.jpg,military-vehicle,g078
images/military-vehicle/017-2014-Stepanakert-Czo-g-T-72-03-jpg.jpg,military-vehicle,g078
images/military-vehicle/020-At-Museo-Hist-rico-Militar-de-Canarias-2023-419-jpg.jpg,military-vehicle,g080
images/military-vehicle/021-At-Museum-of-American-Armor-2024-087-jpg.jpg,military-vehicle,g081
images/military-vehicle/022-At-Museum-of-American-Armor-2024-090-Tiger-I-jpg.jpg,military-vehicle,g081
images/military-vehicle/023-At-Museum-of-American-Armor-2024-096-BA-64-jpg.jpg,military-vehicle,g081
images/military-vehicle/024-At-Museum-of-American-Armor-2024-099-Tiger-I-jpg.jpg,military-vehicle,g081
images/military-vehicle/025-At-Museum-of-American-Armor-2024-106-jpg.jpg,military-vehicle,g081
images/military-vehicle/026-1-jpg.jpg,military-vehicle,g086
images/military-vehicle/026-At-Museum-of-American-Armor-2024-107-jpg.jpg,military-vehicle,g081
images/military-vehicle/027-At-Museum-of-American-Armor-2024-114-jpg.jpg,military-vehicle,g081
images/military-vehicle/027-BAHNA-2018-026-jpg.jpg,military-vehicle,g089
images/military-vehicle/028-BAHNA-2018-017-jpg.jpg,military-vehicle,g089
images/military-vehicle/028-Belgrade-Military-Museum-PzKpfw-35-t-JPG.jpg,military-vehicle,g091
images/military-vehicle/029-BAHNA-2018-023-jpg.jpg,military-vehicle,g089
images/military-vehicle/029-Belgrade-Military-Museum-Renault-FT-17-JPG.jpg,military-vehicle,g091
images/military-vehicle/030-BAHNA-2018-024-crop-jpg.jpg,military-vehicle,g089
images/military-vehicle/030-Brest-Fortress-T-44-2024-09-19-3744-jpg.jpg,military-vehicle,g095
images/naval/002-200-S-KWG-31-18392362796-jpg.jpg,naval,g096
images/naval/003-200-S-KWG-33-17796112674-jpg.jpg,naval,g096
images/naval/004-200-S-KWG-35-18230940858-jpg.jpg,naval,g096
images/naval/005-20151023-PRTN-2590P-027-2-22421009232-jpg.jpg,naval,g099
images/naval/008-Amerikaanse-torpedojagers-Pardy-en-Bristol-te-Amsterdam-Best.jpg,naval,g100
images/naval/009-Amerikaanse-torpedojagers-Pardy-en-Bristol-te-Amsterdam-Best.jpg,naval,g100
images/naval/010-Amerikaanse-torpedojagers-Pardy-en-Bristol-te-Amsterdam-Best.jpg,naval,g100
images/naval/013-Atlantic-Fleet-1920-jpg.jpg,naval,g103
images/naval/017-Giovanni-Bausan-and-fleet-in-Hudson-R-N-Y-14868394968-jpg.jpg,naval,g104
images/naval/018-British-Vessels-captured-while-trying-to-run-the-Blockade-jp.jpg,naval,g105
images/naval/019-Capture-of-USS-Isaac-Smith-jpg.jpg,naval,g106
images/naval/020-CSA-cottonclads-rams-captures-United-States-Sloop-Morning-Li.jpg,naval,g107
images/naval/022-General-Burnside-s-Expedition-Fort-Bartow-Roanoke-Island-aft.jpg,naval,g108
images/naval/023-Governor-Milton-jpg.jpg,naval,g109
images/naval/024-IJ-Afgesloten-foto-60-Jacob-Olie-max-res-jpg.jpg,naval,g110
images/naval/025-E-B-Hale-and-Stars-Stripes-fitting-out-1861-jpg.jpg,naval,g111
images/naval/025-IJ-Afgesloten-foto-61-Jacob-Olie-max-res-jpg.jpg,naval,g110
images/naval/026-LC-DIG-CWPB-03829-17115225447-jpg.jpg,naval,g113
images/naval/027-Little-Rebel-jpg.jpg,naval,g114
images/naval/029-HMCS-St-Laurent-3rd-in-line-to-refuel-jpg.jpg,naval,g115
images/naval/032-Menatonon-YTB-254-jpg.jpg,naval,g116
